Model,Accuracy,Precision,Recall,F1-Score
Fine-tuned DistilBERT,0.9912959381044487,0.9841269841269841,0.9465648854961832,0.9649805447470817
