Metric,Value
Accuracy,0.9709864603481625
Precision,0.9902912621359223
Recall,0.7786259541984732
F1-Score,0.8717948717948718
